relname,rls_enabled,force_rls,has_organization_id,has_user_col,policies,cmds,anon_select,authenticated_grant,service_role_grant
accelerator_policies,t,f,t,f,2,ALL|SELECT,f,f,f
acceptance_effect_jobs,t,f,t,f,1,ALL,f,f,f
account_partners,t,f,t,f,4,DELETE|INSERT|SELECT|UPDATE,f,f,f
account_rfm_snapshots,t,f,t,f,4,DELETE|INSERT|SELECT|UPDATE,f,f,f
account_tags,t,f,t,f,3,DELETE|INSERT|SELECT,f,f,f
accounts,t,f,t,t,5,DELETE|INSERT|SELECT|UPDATE,f,f,f
achievements,t,f,t,f,2,ALL|SELECT,f,f,f
action_executions,t,f,t,f,2,INSERT|SELECT,f,f,f
action_registry,t,f,f,f,2,ALL|SELECT,f,f,f
activation_checklist,t,f,t,f,3,INSERT|SELECT|UPDATE,f,f,f
activities,t,f,t,t,4,DELETE|INSERT|SELECT|UPDATE,f,f,f
activity_logs,t,f,t,t,4,DELETE|INSERT|SELECT|UPDATE,f,f,f
activity_mappings,t,f,t,f,2,ALL|SELECT,f,f,f
activity_participants,t,f,t,t,4,DELETE|INSERT|SELECT|UPDATE,f,f,f
activity_targets,t,f,t,f,2,ALL|SELECT,f,f,f
admin_access_logs,t,f,f,t,2,INSERT|SELECT,f,f,f
agent_guardrails,t,f,t,f,2,SELECT|UPDATE,f,f,f
ai_actions,t,f,t,f,5,DELETE|INSERT|SELECT|UPDATE,f,f,f
ai_agent_approval_queue,t,f,t,f,3,INSERT|SELECT|UPDATE,f,f,f
ai_agent_audit,t,f,t,f,2,INSERT|SELECT,f,f,f
ai_agent_bindings,t,f,t,f,2,INSERT|SELECT,f,f,f
ai_agent_environments,t,f,t,f,1,ALL,f,f,f
ai_agent_escalation_policies,t,f,t,f,4,DELETE|INSERT|SELECT|UPDATE,f,f,f
ai_agent_execution_actions,t,f,t,f,3,INSERT|SELECT|UPDATE,f,f,f
ai_agent_execution_policies,t,f,t,f,1,ALL,f,f,f
ai_agent_execution_runs,t,f,t,f,3,INSERT|SELECT|UPDATE,f,f,f
ai_agent_feedback,t,f,t,f,2,INSERT|SELECT,f,f,f
ai_agent_impact_events,t,f,t,f,2,INSERT|SELECT,f,f,f
ai_agent_memory_profiles,t,f,t,f,4,DELETE|INSERT|SELECT|UPDATE,f,f,f
ai_agent_permissions,t,f,t,t,1,ALL,f,f,f
ai_agent_prompt_layers,t,f,t,f,4,DELETE|INSERT|SELECT|UPDATE,f,f,f
ai_agent_publish_history,t,f,t,f,1,ALL,f,f,f
ai_agent_rulesets,t,f,t,f,4,DELETE|INSERT|SELECT|UPDATE,f,f,f
ai_agent_run_outcomes,t,f,t,f,1,ALL,f,f,f
ai_agent_simulation_feedback,t,f,t,t,1,ALL,f,f,f
ai_agent_simulation_runs,t,f,t,f,1,ALL,f,f,f
ai_agent_test_scenarios,t,f,t,f,5,DELETE|INSERT|SELECT|UPDATE,f,f,f
ai_agent_tools,t,f,t,f,4,DELETE|INSERT|SELECT|UPDATE,f,f,f
ai_agent_triggers,t,f,t,f,4,DELETE|INSERT|SELECT|UPDATE,f,f,f
ai_agent_validation_reports,t,f,t,f,1,ALL,f,f,f
ai_agent_versions,t,f,t,f,3,INSERT|SELECT|UPDATE,f,f,f
ai_agents,t,f,t,f,4,DELETE|INSERT|SELECT|UPDATE,f,f,f
ai_alerts,t,f,t,t,4,DELETE|INSERT|SELECT|UPDATE,f,f,f
ai_email_agent_metrics_daily,t,f,t,f,1,ALL,f,f,f
ai_email_agent_outcomes,t,f,t,f,1,ALL,f,f,f
ai_email_cadence_policies,t,f,t,f,1,ALL,f,f,f
ai_email_cadence_progress,t,f,t,f,1,ALL,f,f,f
ai_email_cadence_steps,t,f,t,f,1,ALL,f,f,f
ai_email_cooldown_policies,t,f,t,f,1,ALL,f,f,f
ai_email_delivery_events,t,f,t,f,2,INSERT|SELECT,f,f,f
ai_email_knowledge_base,t,f,t,f,3,ALL|SELECT,f,f,f
ai_email_messages,t,f,t,f,3,INSERT|SELECT|UPDATE,f,f,f
ai_email_pipeline_rules,t,f,t,f,1,ALL,f,f,f
ai_feedback,t,f,t,f,5,DELETE|INSERT|SELECT|UPDATE,f,f,f
ai_forecast_logs,t,f,t,t,4,ALL|INSERT|SELECT,f,f,f
ai_playbooks,t,f,t,f,5,DELETE|INSERT|SELECT|UPDATE,f,f,f
ai_runs,t,f,t,f,4,INSERT|SELECT|UPDATE,f,f,f
ai_scores,t,f,t,f,5,DELETE|INSERT|SELECT|UPDATE,f,f,f
ai_suggestions,t,f,t,t,5,DELETE|INSERT|SELECT|UPDATE,f,f,f
ai_tools_registry,t,f,f,f,1,SELECT,f,f,f
ai_usage_logs,t,f,t,t,4,INSERT|SELECT,f,f,f
algorithm_versions,t,f,t,f,2,ALL|SELECT,f,f,f
api_keys,t,f,t,f,4,DELETE|INSERT|SELECT|UPDATE,f,f,f
apollo_auto_enrichment_rules,t,f,t,f,2,ALL|SELECT,f,f,f
apollo_browser_parity_logs,t,f,t,f,3,INSERT|SELECT|UPDATE,f,f,f
apollo_endpoint_discovery,t,f,f,f,2,ALL|SELECT,f,f,f
apollo_endpoint_matrix,t,f,t,f,3,ALL|INSERT|SELECT,f,f,f
apollo_enrichment_audit,t,f,t,f,1,SELECT,f,f,f
apollo_query_logs,t,f,t,f,2,ALL|SELECT,f,f,f
apollo_reveal_audit,t,f,t,f,2,ALL|SELECT,f,f,f
approval_requests,t,f,t,f,3,INSERT|SELECT|UPDATE,f,f,f
article_feedback,t,f,t,t,3,INSERT|SELECT|UPDATE,f,f,f
attendance,t,f,t,f,2,ALL|SELECT,f,f,f
audit_log,t,f,t,f,6,DELETE|INSERT|SELECT|UPDATE,f,f,f
auth_audit_log,t,f,f,t,3,INSERT|SELECT,f,f,f
auto_remediation_executions,t,f,t,f,3,INSERT|SELECT|UPDATE,f,f,f
auto_remediation_triggers,t,f,t,f,2,ALL|SELECT,f,f,f
auto_tasks_rules,t,f,t,f,2,ALL|SELECT,f,f,f
automation_config,t,f,t,f,2,ALL|SELECT,f,f,f
automation_logs,t,f,t,f,6,ALL|INSERT|SELECT,f,f,f
automation_run_log,t,f,t,f,2,ALL|SELECT,f,f,f
backup_history,t,f,t,f,2,SELECT,f,f,f
badge_preservation_history,t,f,t,f,1,SELECT,f,f,f
badges,t,f,t,f,2,ALL|SELECT,f,f,f
billing_invoices,t,f,t,f,2,ALL|SELECT,f,f,f
billing_payment_methods,t,f,t,f,2,ALL|SELECT,f,f,f
billing_payments,t,f,t,f,2,ALL|SELECT,f,f,f
billing_subscriptions,t,f,t,f,2,ALL|SELECT,f,f,f
browser_push_subscriptions,t,f,f,t,1,ALL,f,f,f
business_units,t,f,t,f,1,ALL,f,f,f
calendar_sync_config,t,f,t,t,1,ALL,f,f,f
churn_predictions,t,f,t,f,2,INSERT|SELECT,f,f,f
client_archetypes,t,f,t,f,2,ALL|SELECT,f,f,f
cnpj_cache,t,f,f,f,1,ALL,f,f,f
commercial_briefs,t,f,f,f,2,INSERT|SELECT,f,f,f
community_cases,t,f,t,t,3,INSERT|SELECT|UPDATE,f,f,f
community_discussion_replies,t,f,f,t,3,DELETE|INSERT|SELECT,f,f,f
community_discussions,t,f,t,t,3,INSERT|SELECT|UPDATE,f,f,f
community_suggestion_comments,t,f,f,t,3,DELETE|INSERT|SELECT,f,f,f
community_suggestion_votes,t,f,f,t,3,DELETE|INSERT|SELECT,f,f,f
community_suggestions,t,f,t,t,3,INSERT|SELECT|UPDATE,f,f,f
contact_enrichment_queue,t,f,f,f,2,INSERT|SELECT,f,f,f
contacts,t,f,t,f,5,DELETE|INSERT|SELECT|UPDATE,f,f,f
contracts,t,f,t,t,6,DELETE|INSERT|SELECT|UPDATE,f,f,f
conversation_logs,t,f,t,t,2,ALL|SELECT,f,f,f
conversion_alerts,t,f,t,f,2,ALL|SELECT,f,f,f
conversion_benchmarks,t,f,t,f,2,ALL|SELECT,f,f,f
crm_business_functions,t,f,f,f,2,ALL|SELECT,f,f,f
crm_closer_dashboard_views,t,f,f,f,2,INSERT|SELECT,f,f,f
crm_dashboard_profiles,t,f,f,f,2,ALL|SELECT,f,f,f
crm_dashboard_resolution_logs,t,f,f,t,1,SELECT,f,f,f
crm_departments,t,f,f,f,2,ALL|SELECT,f,f,f
crm_dynamic_dashboard_feedback,t,f,f,t,2,INSERT|SELECT,f,f,f
crm_dynamic_dashboard_pilot_logs,t,f,f,f,1,SELECT,f,f,f
crm_dynamic_dashboard_runtime_logs,t,f,f,t,1,SELECT,f,f,f
crm_feature_flags,t,f,f,f,2,ALL|SELECT,f,f,f
crm_permission_roles,t,f,f,f,2,ALL|SELECT,f,f,f
crm_user_context_backfill_logs,t,f,f,t,2,ALL|SELECT,f,f,f
crm_user_context_change_logs,t,f,f,t,2,INSERT|SELECT,f,f,f
crm_user_contexts,t,f,f,t,2,ALL|SELECT,f,f,f
cs_health_metrics,t,f,t,f,4,DELETE|INSERT|SELECT|UPDATE,f,f,f
custom_field_groups,t,f,t,f,1,ALL,f,f,f
custom_field_values,t,f,t,f,2,ALL|SELECT,f,f,f
custom_fields,t,f,t,f,1,ALL,f,f,f
custom_form_values,t,f,t,f,4,DELETE|INSERT|SELECT|UPDATE,f,f,f
custom_forms,t,f,t,f,4,ALL|DELETE|INSERT|UPDATE,f,f,f
daily_activity_log,t,f,t,t,2,ALL|SELECT,f,f,f
daily_briefings,t,f,t,t,4,INSERT|SELECT,f,f,f
daily_digest_cache,t,f,f,t,2,ALL|SELECT,f,f,f
daily_digest_runs,t,f,f,t,2,ALL|SELECT,f,f,f
dashboard_preferences,t,f,t,t,4,DELETE|INSERT|SELECT|UPDATE,f,f,f
deal_participants,t,f,t,t,3,ALL|SELECT,f,f,f
decision_logs,t,f,t,f,1,SELECT,f,f,f
decision_rules,t,f,t,f,4,DELETE|INSERT|SELECT|UPDATE,f,f,f
dedupe_registry,t,f,t,f,1,ALL,f,f,f
deletion_alerts,t,f,t,f,3,SELECT|UPDATE,f,f,f
demo_slots,t,f,t,f,2,ALL|SELECT,f,f,f
diagnostic_results,t,f,t,f,2,INSERT|SELECT,f,f,f
dismissed_tips,t,f,f,t,2,INSERT|SELECT,f,f,f
disposable_email_domains,t,f,f,f,1,SELECT,f,f,f
dynamic_missions,t,f,t,f,3,INSERT|SELECT|UPDATE,f,f,f
dynamic_variables,t,f,t,f,2,ALL|SELECT,f,f,f
email_send_log,t,f,f,f,3,INSERT|SELECT|UPDATE,f,f,f
email_send_state,t,f,f,f,1,ALL,f,f,f
email_sync_config,t,f,t,t,1,ALL,f,f,f
email_templates,t,f,t,f,3,ALL|SELECT,f,f,f
email_unsubscribe_tokens,t,f,f,f,3,INSERT|SELECT|UPDATE,f,f,f
enriched_company_profiles,t,f,f,f,3,INSERT|SELECT|UPDATE,f,f,f
enriched_contact_profiles,t,f,f,f,2,INSERT|SELECT,f,f,f
enrichment_jobs,t,f,f,f,1,SELECT,f,f,f
enrichment_normalized,t,f,t,f,2,INSERT|SELECT,f,f,f
enrichment_provider_results,t,f,f,f,2,INSERT|SELECT,f,f,f
enrichment_raw_sources,t,f,t,f,2,INSERT|SELECT,f,f,f
enrichment_runs,t,f,f,f,3,INSERT|SELECT|UPDATE,f,f,f
enrichment_signals,t,f,f,f,2,INSERT|SELECT,f,f,f
entity_snapshots,t,f,t,f,6,DELETE|INSERT|SELECT,f,f,f
evaluation_rubrics,t,f,t,f,2,ALL|SELECT,f,f,f
eventrix_inventory_integration_settings,t,f,t,f,3,INSERT|SELECT|UPDATE,f,f,f
eventrix_inventory_sync_cache,t,f,t,f,3,INSERT|SELECT|UPDATE,f,f,f
experiment_hypotheses,t,f,t,f,1,SELECT,f,f,f
experiment_results,t,f,t,f,1,SELECT,f,f,f
experiment_runs,t,f,t,f,1,SELECT,f,f,f
experiment_variants,t,f,t,f,1,SELECT,f,f,f
export_logs,t,f,t,f,2,INSERT|SELECT,f,f,f
export_templates,t,f,t,f,4,DELETE|INSERT|SELECT|UPDATE,f,f,f
feature_flags,t,f,t,f,4,DELETE|INSERT|SELECT|UPDATE,f,f,f
fit_score_config,t,f,t,f,2,ALL|SELECT,f,f,f
forecast_calculation_items,t,f,t,f,1,SELECT,f,f,f
forecast_calculation_runs,t,f,t,f,1,SELECT,f,f,f
forecast_daily_snapshots,t,f,t,f,3,INSERT|SELECT|UPDATE,f,f,f
forecast_predictions,t,f,t,f,3,INSERT|SELECT|UPDATE,f,f,f
forecast_snapshot_job_logs,t,f,t,f,2,INSERT|SELECT,f,f,f
forecast_snapshots,t,f,t,t,3,INSERT|SELECT|UPDATE,f,f,f
forecast_v2_health_logs,t,f,t,f,2,INSERT|SELECT,f,f,f
gate_executions,t,f,t,f,3,INSERT|SELECT|UPDATE,f,f,f
graph_builds,t,f,t,f,3,INSERT|SELECT|UPDATE,f,f,f
graph_edges,t,f,t,f,2,ALL|SELECT,f,f,f
graph_insights,t,f,t,f,3,INSERT|SELECT|UPDATE,f,f,f
graph_nodes,t,f,t,f,2,ALL|SELECT,f,f,f
headless_humanoid_test_results,t,f,t,f,2,ALL|SELECT,f,f,f
headless_humanoid_test_runs,t,f,t,f,2,ALL|SELECT,f,f,f
health_score_drivers,t,f,t,f,2,ALL|SELECT,f,f,f
help_articles,t,f,f,f,1,SELECT,f,f,f
holidays,t,f,t,f,2,ALL|SELECT,f,f,f
icp_profiles,t,f,t,f,1,ALL,f,f,f
import_logs,t,f,t,t,3,INSERT|SELECT|UPDATE,f,f,f
industries,t,f,t,f,3,ALL|SELECT,f,f,f
interactions,t,f,t,f,4,DELETE|INSERT|SELECT|UPDATE,f,f,f
inventory_categories,t,f,t,f,3,INSERT|SELECT|UPDATE,f,f,f
inventory_families,t,f,t,f,3,INSERT|SELECT|UPDATE,f,f,f
inventory_items,t,f,t,f,3,INSERT|SELECT|UPDATE,f,f,f
inventory_locations,t,f,t,f,3,INSERT|SELECT|UPDATE,f,f,f
inventory_movements,t,f,t,f,3,INSERT|SELECT|UPDATE,f,f,f
inventory_operation_events,t,f,t,f,2,INSERT|SELECT,f,f,f
inventory_pre_reservation_allocations,t,f,t,f,2,ALL|SELECT,f,f,f
inventory_pre_reservation_items,t,f,t,f,2,ALL|SELECT,f,f,f
inventory_pre_reservations,t,f,t,f,4,DELETE|INSERT|SELECT|UPDATE,f,f,f
inventory_pricing_rules,t,f,t,f,4,DELETE|INSERT|SELECT|UPDATE,f,f,f
inventory_reservation_allocations,t,f,t,f,2,ALL|SELECT,f,f,f
inventory_reservation_items,t,f,t,f,2,ALL|SELECT,f,f,f
inventory_reservations,t,f,t,f,4,DELETE|INSERT|SELECT|UPDATE,f,f,f
inventory_status_history,t,f,t,f,3,INSERT|SELECT|UPDATE,f,f,f
ip_trial_attempts,t,f,f,f,1,ALL,f,f,f
kairos_batch_logs,t,f,t,f,2,INSERT|SELECT,f,f,f
kairos_batch_run_items,t,f,t,f,2,ALL|SELECT,f,f,f
kairos_batch_runs,t,f,t,f,3,INSERT|SELECT|UPDATE,f,f,f
kairos_company_intelligence,t,f,t,f,2,ALL|SELECT,f,f,f
kairos_coverage_analysis,t,f,t,f,2,ALL|SELECT,f,f,f
kairos_gtm_recommendations,t,f,t,f,3,ALL|SELECT|UPDATE,f,f,f
kairos_qualified_queue,t,f,t,f,4,DELETE|INSERT|SELECT|UPDATE,f,f,f
kairos_revenue_attribution,t,f,t,f,2,ALL|SELECT,f,f,f
kairos_sdr_copilot_tasks,t,f,t,f,3,INSERT|SELECT|UPDATE,f,f,f
lead_emotional_memory,t,f,t,f,4,DELETE|INSERT|SELECT|UPDATE,f,f,f
lead_score_ai_analysis,t,f,t,f,2,ALL|SELECT,f,f,f
lead_score_org_weights,t,f,t,f,3,ALL|SELECT|UPDATE,f,f,f
lead_score_recalc_queue,t,f,t,f,1,SELECT,f,f,f
lead_search_results,t,f,t,f,4,DELETE|INSERT|SELECT|UPDATE,f,f,f
lead_searches,t,f,t,t,3,INSERT|SELECT|UPDATE,f,f,f
lead_segment_benchmarks,t,f,t,f,2,ALL|SELECT,f,f,f
lead_sources,t,f,t,f,1,ALL,f,f,f
learning_queue,t,f,t,f,1,SELECT,f,f,f
learning_signals,t,f,t,f,1,SELECT,f,f,f
loss_reasons,t,f,t,f,1,ALL,f,f,f
loss_semantic_analyses,t,f,t,f,1,SELECT,f,f,f
mcp_audit_logs,t,f,t,t,4,DELETE|INSERT|SELECT|UPDATE,f,f,f
mcp_permissions,t,f,t,t,4,DELETE|INSERT|SELECT|UPDATE,f,f,f
mcp_prompts,t,f,t,f,4,DELETE|INSERT|SELECT|UPDATE,f,f,f
mcp_registry_settings,t,f,t,f,4,DELETE|INSERT|SELECT|UPDATE,f,f,f
mcp_resources,t,f,t,f,4,DELETE|INSERT|SELECT|UPDATE,f,f,f
mcp_servers,t,f,t,f,4,DELETE|INSERT|SELECT|UPDATE,f,f,f
mcp_tool_invocations,t,f,t,t,4,DELETE|INSERT|SELECT|UPDATE,f,f,f
mcp_tools,t,f,t,f,4,DELETE|INSERT|SELECT|UPDATE,f,f,f
measurement_units,t,f,t,f,2,ALL,f,f,f
memories,t,f,t,f,4,DELETE|INSERT|SELECT|UPDATE,f,f,f
memory_reads,t,f,t,t,2,INSERT|SELECT,f,f,f
missions,t,f,t,f,2,ALL|SELECT,f,f,f
noid_skill_feedback,t,f,t,f,2,INSERT|SELECT,f,f,f
noid_skill_runs,t,f,t,f,2,INSERT|SELECT,f,f,f
noid_skills,t,f,t,f,4,DELETE|INSERT|SELECT|UPDATE,f,f,f
notification_dedup_keys,t,f,t,f,1,ALL,f,f,f
notification_delivery_logs,t,f,f,f,1,SELECT,f,f,f
notification_events,t,f,t,f,1,SELECT,f,f,f
notification_settings,t,f,f,t,1,ALL,f,f,f
notifications,t,f,t,t,3,INSERT|SELECT|UPDATE,f,f,f
notifications_v2,t,f,f,t,2,SELECT|UPDATE,f,f,f
nrhs_events,t,f,t,t,2,INSERT|SELECT,f,f,f
nrhs_learning_signals,t,f,t,f,1,SELECT,f,f,f
nrhs_recalc_queue,t,f,t,f,2,INSERT|SELECT,f,f,f
oauth_nonces,t,f,f,t,1,ALL,f,f,f
onboarding_status,t,f,f,t,3,INSERT|SELECT|UPDATE,f,f,f
opportunities,t,f,t,t,6,DELETE|INSERT|SELECT|UPDATE,f,f,f
opportunities_weekly_review,t,f,t,t,4,DELETE|INSERT|SELECT|UPDATE,f,f,f
opportunity_emails,t,f,t,f,4,DELETE|INSERT|SELECT|UPDATE,f,f,f
opportunity_files,t,f,t,f,3,DELETE|INSERT|SELECT,f,f,f
opportunity_indicators_recalc_queue,t,f,t,f,1,SELECT,f,f,f
opportunity_notes,t,f,t,f,4,DELETE|INSERT|SELECT|UPDATE,f,f,f
opportunity_owner_history,t,f,t,f,1,SELECT,f,f,f
opportunity_public_forms,t,f,t,f,4,DELETE|INSERT|SELECT|UPDATE,f,f,f
opportunity_qualification_history,t,f,t,f,1,SELECT,f,f,f
opportunity_score_recalc_queue,t,f,t,f,1,SELECT,f,f,f
opportunity_stage_history,t,f,t,f,1,SELECT,f,f,f
opportunity_tags,t,f,t,f,3,DELETE|INSERT|SELECT,f,f,f
optimization_actions_log,t,f,t,f,1,SELECT,f,f,f
optimization_insights,t,f,t,f,1,SELECT,f,f,f
optimization_recommendations,t,f,t,f,2,SELECT|UPDATE,f,f,f
org_billing_snapshots,t,f,t,f,2,ALL|SELECT,f,f,f
org_volts_balance,t,f,t,f,2,SELECT|UPDATE,f,f,f
organization_billing_status,t,f,t,f,2,ALL|SELECT,f,f,f
organization_feature_flags,t,f,t,f,4,DELETE|INSERT|SELECT|UPDATE,f,f,f
organization_members,t,f,t,t,6,DELETE|INSERT|SELECT|UPDATE,f,f,f
organization_settings,t,f,t,f,2,ALL|SELECT,f,f,f
organizations,t,f,f,f,5,DELETE|INSERT|SELECT|UPDATE,f,f,f
origin_groups,t,f,t,f,4,ALL|DELETE|INSERT|UPDATE,f,f,f
origins,t,f,t,f,4,ALL|DELETE|INSERT|UPDATE,f,f,f
ote_levels,t,f,t,f,2,ALL|SELECT,f,f,f
ote_monthly_results,t,f,t,t,2,ALL|SELECT,f,f,f
ote_multipliers,t,f,t,f,2,ALL|SELECT,f,f,f
ote_rules,t,f,t,f,2,ALL|SELECT,f,f,f
ote_sales_record_items,t,f,t,f,2,ALL|SELECT,f,f,f
ote_sales_records,t,f,t,f,2,ALL|SELECT,f,f,f
ote_score_minimums,t,f,t,f,2,ALL|SELECT,f,f,f
ote_seller_config,t,f,t,t,2,ALL|SELECT,f,f,f
outbound_tasks,t,f,t,t,2,SELECT|UPDATE,f,f,f
outreach_performance,t,f,t,f,1,SELECT,f,f,f
owner_queue,t,f,t,t,2,ALL|SELECT,f,f,f
pending_release_changes,t,f,f,f,3,INSERT|SELECT|UPDATE,f,f,f
performance_activities,t,f,t,f,4,DELETE|INSERT|SELECT|UPDATE,f,f,f
performance_gates,t,f,t,f,4,DELETE|INSERT|SELECT|UPDATE,f,f,f
performance_insights,t,f,t,f,3,DELETE|INSERT|SELECT,f,f,f
performance_metrics_log,t,f,f,f,2,INSERT|SELECT,f,f,f
permission_sets,t,f,t,f,2,ALL|SELECT,f,f,f
pipelines,t,f,t,f,4,ALL|DELETE|INSERT|UPDATE,f,f,f
plan_entitlements,t,f,f,f,1,SELECT,f,f,f
plans,t,f,f,f,1,SELECT,f,f,f
platform_admins,t,f,f,t,4,ALL|SELECT,f,f,f
playbook_executions,t,f,t,t,3,INSERT|SELECT|UPDATE,f,f,f
playbook_runs,t,f,t,f,1,ALL,f,f,f
playbook_versions,t,f,t,f,4,DELETE|INSERT|SELECT|UPDATE,f,f,f
plg_events,t,f,t,t,2,INSERT|SELECT,f,f,f
plg_score_config,t,f,t,f,2,ALL|SELECT,f,f,f
plg_score_history,t,f,t,f,2,INSERT|SELECT,f,f,f
product_bom_items,t,f,t,f,4,DELETE|INSERT|SELECT|UPDATE,f,f,f
product_categories,t,f,t,f,2,ALL|DELETE,f,f,f
product_inventory_requirements,t,f,t,f,3,INSERT|SELECT|UPDATE,f,f,f
product_price_history,t,f,t,f,2,INSERT|SELECT,f,f,f
products,t,f,t,f,4,ALL|DELETE|INSERT|UPDATE,f,f,f
profiles,t,f,t,t,7,DELETE|INSERT|SELECT|UPDATE,f,f,f
proposal_ai_insights_cache,t,f,t,f,3,INSERT|SELECT|UPDATE,f,f,f
proposal_alerts,t,f,t,f,3,INSERT|SELECT|UPDATE,f,f,f
proposal_dynamic_pricing_events,t,f,t,f,2,INSERT|SELECT,f,f,f
proposal_dynamic_pricing_factor_rules,t,f,t,f,3,INSERT|SELECT|UPDATE,f,f,f
proposal_dynamic_pricing_rules,t,f,t,f,4,DELETE|INSERT|SELECT|UPDATE,f,f,f
proposal_dynamic_pricing_tiers,t,f,t,f,4,DELETE|INSERT|SELECT|UPDATE,f,f,f
proposal_erp_sync_logs,t,f,t,f,2,INSERT|SELECT,f,f,f
proposal_financial_audit_items,t,f,t,f,1,SELECT,f,f,f
proposal_financial_audit_runs,t,f,t,f,1,SELECT,f,f,f
proposal_inventory_demand_snapshots,t,f,t,f,2,INSERT|SELECT,f,f,f
proposal_items,t,f,t,f,5,DELETE|INSERT|SELECT|UPDATE,f,f,f
proposal_layout_pages,t,f,f,f,3,ALL|SELECT,f,f,f
proposal_layouts,t,f,t,f,5,DELETE|INSERT|SELECT|UPDATE,f,f,f
proposal_participants,t,f,t,t,4,DELETE|INSERT|SELECT|UPDATE,f,f,f
proposal_payment_events,t,f,t,f,2,INSERT|SELECT,f,f,f
proposal_payment_intents,t,f,t,f,4,DELETE|INSERT|SELECT|UPDATE,f,f,f
proposal_payment_terms,t,f,t,f,7,DELETE|INSERT|SELECT|UPDATE,f,f,f
proposal_templates,t,f,t,f,5,ALL|DELETE|INSERT|SELECT|UPDATE,f,f,f
proposal_view_events,t,f,f,f,2,INSERT|SELECT,f,f,f
proposal_view_logs,t,f,t,f,2,INSERT|SELECT,f,f,f
proposal_views,t,f,f,f,2,INSERT|SELECT,f,f,f
proposals,t,f,t,f,4,DELETE|INSERT|SELECT|UPDATE,f,f,f
prospect_scores,t,f,t,f,1,ALL,f,f,f
prospect_signals,t,f,t,f,1,ALL,f,f,f
prospects,t,f,t,f,1,ALL,f,f,f
public_form_submissions,t,f,t,f,2,INSERT|SELECT,f,f,f
qualification_automations,t,f,t,f,1,ALL,f,f,f
qualification_blocking_rules,t,f,t,f,1,ALL,f,f,f
qualification_criteria,t,f,t,f,1,ALL,f,f,f
qualification_criterion_fields,t,f,t,f,1,ALL,f,f,f
qualification_disqualification_reasons,t,f,t,f,1,ALL,f,f,f
qualification_framework_audit_log,t,f,t,f,2,INSERT|SELECT,f,f,f
qualification_frameworks,t,f,t,f,4,DELETE|INSERT|SELECT|UPDATE,f,f,f
qualification_score_ranges,t,f,t,f,1,ALL,f,f,f
rate_limit_log,t,f,f,f,1,ALL,f,f,f
release_notes,t,f,t,f,7,DELETE|INSERT|SELECT|UPDATE,f,f,f
release_notes_ingestion_log,t,f,f,f,2,ALL|SELECT,f,f,f
report_reconciliation_logs,t,f,t,f,1,SELECT,f,f,f
revenue_events,t,f,t,t,3,INSERT|SELECT,f,f,f
roleplay_messages,t,f,f,f,3,DELETE|INSERT|SELECT,f,f,f
roleplay_sessions,t,f,t,f,4,DELETE|INSERT|SELECT|UPDATE,f,f,f
run_events,t,f,f,f,2,INSERT|SELECT,f,f,f
sales_config,t,f,t,f,2,ALL|SELECT,f,f,f
sales_goals,t,f,t,t,2,ALL|SELECT,f,f,f
scheduled_demos,t,f,t,f,2,INSERT|SELECT,f,f,f
scheduled_exports,t,f,t,f,4,DELETE|INSERT|SELECT|UPDATE,f,f,f
score_alerts,t,f,t,t,3,INSERT|SELECT|UPDATE,f,f,f
score_calculation_history,t,f,t,f,2,INSERT|SELECT,f,f,f
score_history,t,f,t,f,2,INSERT|SELECT,f,f,f
score_recalc_jobs,t,f,t,f,2,INSERT|SELECT,f,f,f
scoring_rules,t,f,t,f,1,ALL,f,f,f
seat_events,t,f,t,t,3,ALL|SELECT,f,f,f
security_audit_log,t,f,t,t,2,INSERT|SELECT,f,f,f
seller_achievements,t,f,f,f,3,INSERT|SELECT|UPDATE,f,f,f
seller_badges,t,f,f,f,4,DELETE|INSERT|SELECT|UPDATE,f,f,f
seller_evaluations,t,f,t,f,4,DELETE|INSERT|SELECT|UPDATE,f,f,f
seller_missions,t,f,f,f,3,INSERT|SELECT|UPDATE,f,f,f
seller_performance_scores,t,f,t,f,4,DELETE|INSERT|SELECT|UPDATE,f,f,f
seller_score_history,t,f,t,f,2,INSERT|SELECT,f,f,f
seller_stats,t,f,t,f,2,ALL|SELECT,f,f,f
seller_targets,t,f,t,t,2,ALL|SELECT,f,f,f
sellers,t,f,t,t,4,INSERT|SELECT|UPDATE,f,f,f
sequence_enrollments,t,f,t,f,2,ALL|SELECT,f,f,f
sequences,t,f,t,f,2,ALL|SELECT,f,f,f
settings,t,f,t,t,2,ALL|SELECT,f,f,f
simulated_clients,t,f,t,f,2,INSERT|SELECT,f,f,f
slg_conversions,t,f,t,f,2,ALL|SELECT,f,f,f
source_pages,t,f,t,f,1,ALL,f,f,f
sourcing_playbooks,t,f,t,f,1,ALL,f,f,f
stage_progression_suggestions,t,f,t,f,3,INSERT|SELECT|UPDATE,f,f,f
stages,t,f,t,f,4,ALL|DELETE|INSERT|UPDATE,f,f,f
subscriptions,t,f,t,f,1,SELECT,f,f,f
success_plans,t,f,t,f,4,DELETE|INSERT|SELECT|UPDATE,f,f,f
support_ticket_responses,t,f,f,t,2,INSERT|SELECT,f,f,f
support_tickets,t,f,t,t,3,INSERT|SELECT|UPDATE,f,f,f
suppressed_emails,t,f,f,f,2,INSERT|SELECT,f,f,f
sync_logs,t,f,t,t,4,INSERT|SELECT|UPDATE,f,f,f
system_events,t,f,t,f,3,INSERT|SELECT,f,f,f
tags,t,f,t,f,3,ALL|DELETE|INSERT,f,f,f
team_members,t,f,t,t,2,ALL|SELECT,f,f,f
teams,t,f,t,f,2,ALL|SELECT,f,f,f
territories,t,f,t,f,2,ALL|SELECT,f,f,f
territory_assignments,t,f,t,t,2,ALL|SELECT,f,f,f
timeline_events,t,f,t,f,3,INSERT|SELECT,f,f,f
trial_blocks,t,f,t,f,1,SELECT,f,f,f
trial_fingerprints,t,f,t,t,1,SELECT,f,f,f
trial_notifications,t,f,t,f,1,SELECT,f,f,f
usage_counters,t,f,t,f,4,INSERT|SELECT|UPDATE,f,f,f
user_access_logs,t,f,t,t,3,INSERT|SELECT,f,f,f
user_first_visits,t,f,f,t,2,INSERT|SELECT,f,f,f
user_invitations,t,f,t,f,2,ALL|SELECT,f,f,f
user_roles,t,f,f,t,1,SELECT,f,f,f
user_smtp_configs,t,f,t,t,4,DELETE|INSERT|SELECT|UPDATE,f,f,f
vibe_alerts,t,f,t,t,4,DELETE|INSERT|SELECT|UPDATE,f,f,f
vibe_narratives,t,f,t,f,4,DELETE|INSERT|SELECT|UPDATE,f,f,f
vibe_state_history,t,f,t,f,2,INSERT|SELECT,f,f,f
video_library,t,f,t,f,2,ALL|SELECT,f,f,f
video_recommendations,t,f,t,f,4,DELETE|INSERT|SELECT|UPDATE,f,f,f
win_loss_records,t,f,t,f,2,ALL|SELECT,f,f,f
win_reasons,t,f,t,f,4,DELETE|INSERT|SELECT|UPDATE,f,f,f
winloss_factors,t,f,t,f,5,DELETE|INSERT|SELECT|UPDATE,f,f,f
winloss_interviews,t,f,t,f,4,DELETE|INSERT|SELECT|UPDATE,f,f,f
winloss_revenue_simulations,t,f,t,f,2,INSERT|SELECT,f,f,f
workflow_executions,t,f,t,f,4,DELETE|INSERT|SELECT|UPDATE,f,f,f
workflow_rules,t,f,t,f,4,DELETE|INSERT|SELECT|UPDATE,f,f,f
xp_conversion_history,t,f,t,f,1,SELECT,f,f,f
