finding_id,domain,surface,environment,severity,status,title,description,evidence,affected_files,affected_tables,affected_rpcs,affected_edge_functions,affected_buckets,cross_tenant_risk,pii_risk,secret_risk,repository_risk,recommended_fix,fix_applied,staging_validated,production_applied,rollback_available,owner,acceptance_criteria,remaining_risk,notes
SEC-001,repository,github,repo,HIGH,OPEN,Repositório público,DesenvolvedoresLEGAL/noidcrm está público; expõe estrutura interna e potencial reconhecimento para atacantes,Sprint 0.2.1 registrou visibilidade pública,,,,,,none,none,none,high,Tornar privado em Settings ou registrar decisão executiva formal,no,no,no,n/a,HUMANOID,Repositório privado ou decisão formal alternativa,Enumeração de código-fonte por terceiros,Ação humana (P0-11)
SEC-002,repository,git,repo,HIGH,OPEN,.env rastreado pelo Git,.env estava commitado com publishable keys; ainda que os valores sejam públicos por design, versionamento é higiene ruim e mistura ambientes,git ls-files retornou '.env',.env.example;.env.staging.example,,,,,none,none,low,medium,Atualizar .gitignore + git rm --cached .env em checkout local,partial,n/a,no,n/a,HUMANOID,.env fora do tracking + .gitignore protege padrões,Requer ação humana,.gitignore é read-only no sandbox Lovable; agente criou apenas .env.example sanitizado
SEC-003,repository,secrets-scan,repo,INFO,VALIDATED,Sem secret privado na árvore atual,Varredura por padrões de service_role/sk-/xoxb-/PEM/AWS/JWT longo além dos anon publicáveis não encontrou nada,rg patterns 0 hits,,,,,,none,none,none,none,Manter varredura periódica,yes,n/a,n/a,n/a,HUMANOID,Zero secret privado literal,Baixo,Ferramentas gitleaks/trufflehog indisponíveis no sandbox
SEC-004,repository,git-history,repo,MEDIUM,OPEN,Histórico Git não recebeu varredura exaustiva,gitleaks/trufflehog não instalados; revisão limitada a git grep,logs preliminares,,,,,,none,none,medium,medium,Rodar gitleaks --log-opts=--all em runner confiável e rotacionar qualquer hit,no,n/a,n/a,n/a,HUMANOID,Varredura full-history sem hits ou hits rotacionados,Secret antigo em blob histórico permanece potencialmente acessível enquanto repo é público,Prioridade sobe se P0-11 permanecer aberto
SEC-005,tenant-isolation,supabase,staging,CRITICAL,BLOCKED,Suíte multi-tenant não executada,Projeto Supabase de staging não provisionado; suíte auto-skipa sem TEST_SUPABASE_URL,src/test/security/tenant-isolation/fixture.ts,accounts;contacts;opportunities;proposals;activities;inventory_items;products;notifications_v2,get_user_organization_id;calculate_forecast_accuracy_v2;get_forecast_snapshots_v2;get_forecast_v2_health_check;get_org_seat_metrics,,,unknown,unknown,none,none,Provisionar staging conforme docs/security/staging-provisioning-guide.md e executar suíte,no,no,no,n/a,HUMANOID,Suíte 100% verde em staging,Isolamento não comprovado empiricamente,P0-01
SEC-006,storage,supabase,staging,HIGH,BLOCKED,Migrations de hardening de storage staged não aplicadas,7 migrations em supabase/migrations-staged/storage/ dependem de staging para 07a→07b,supabase/migrations-staged/storage/,proposals;opportunity_files;account_documents,resolve_proposal_pdf_path;resolve_opportunity_file_path,,proposal-pdfs;proposal-layouts;opportunity-files,unknown,high,none,none,Aplicar em staging na ordem 01→02→03→04→05b→06→07a→(observar)→07b,no,no,no,yes,HUMANOID,Buckets sensíveis privados + signed URL homologada,Buckets podem estar públicos em produção,P0-03
SEC-007,invitations,supabase,staging,HIGH,BLOCKED,Aceite de convite não homologado end-to-end,Análise estática ok mas cenários de replay/concorrência/cross-org exigem staging,accept_organization_invitation RPC,organization_invitations;organization_members,accept_organization_invitation,,,unknown,none,none,none,Executar cenários da Fase 9 em staging,no,no,no,n/a,HUMANOID,Todos os cenários da Fase 9 verdes,Replay ou role escalation não descartados,P0-05
SEC-008,rls,supabase,production,MEDIUM,OPEN,27 policies USING(true) sem classificação individual,Auditoria estática identificou; classificação por policy exige teste dinâmico,docs/security/linter-warning-matrix.csv,,,,,,unknown,unknown,none,none,Classificar em LEGITIMA_SERVICE_ROLE/LEGITIMA_GLOBAL_READ/LEGITIMA_PLATFORM_ADMIN/RISCO/CORRIGIR,no,no,no,n/a,HUMANOID,27 policies com justificativa registrada,Policies com USING(true) podem permitir escrita indevida,Faz parte da Fase 6
SEC-009,rls,supabase,production,MEDIUM,OPEN,SECURITY DEFINER hardening apenas parcial,Fase 1.5 revogou EXECUTE de PUBLIC em ~371 funções; sub-conjunto crítico ainda não auditado linha a linha,docs/security/phase1-5-linter-triage.md,,,,,,unknown,unknown,none,none,Auditar funções chamadas por frontend/edge/views Revenue Core,partial,no,partial,n/a,HUMANOID,Todas as funções críticas com search_path fixo + validação membership,Função com search_path mutável pode ser sequestrada,Fase 7
SEC-010,ci,github-actions,repo,LOW,FIXED_IN_STAGING,Workflow de isolamento com guarda anti-produção,tenant-isolation.yml compara TEST_SUPABASE_URL host com VITE_SUPABASE_URL host,.github/workflows/tenant-isolation.yml,,,,,,none,none,none,low,Adicionar comparação explícita com PROD_REF urihdqturaebhiefwjnw,partial,no,n/a,n/a,HUMANOID,Workflow aborta se ref==prod,Baixo,Guard adicional recomendado mas guarda por host já bloqueia
SEC-011,authorization,public.accounts,production,HIGH,RESOLVED,Viewer podia executar INSERT em accounts,Fase 4b-2 confirmou role escalation funcional: membros com org_role=viewer conseguiam inserir accounts na própria org via policies permissivas. Corrigido por policy RESTRICTIVE aditiva nsec12_accounts_insert_block_viewer.,NSEC-1.2-CHG-004: 24/24 probes RPC + 2/2 null probes; Viewer A e Viewer B bloqueados; cross-org 12/12 bloqueado; baseline pré/pós idêntico (4781 accounts reais ativas),,accounts,,,,no,none,none,none,Policy RESTRICTIVE AS RESTRICTIVE FOR INSERT bloqueando papel efetivo viewer (prioriza org_role sobre role legado); RPC temporária de probe removida em CHG-004,yes,n/a,yes,yes (DROP POLICY IF EXISTS nsec12_accounts_insert_block_viewer),HUMANOID,Matriz completa 26/26 conforme esperado + baseline idêntico + smoke sem regressão + RPC temporária removida,Demais tabelas (contacts/opportunities/activities/proposals) ainda não homologadas para escrita e podem apresentar role escalation análoga,NSEC-1.2-CHG-004 concluído: INSERT em accounts homologado; RPC nsec12_probe_insert_account removida
SEC-012,authorization,public.contacts,production,HIGH,RESOLVED,Viewer consegue executar INSERT em contacts,Canary NSEC-1.2-CHG-005 confirmou role escalation funcional em contacts: papel viewer nas orgs sintéticas A e B conseguia INSERT same-org via policy permissiva sem filtro por org_role. Análoga a SEC-011.,NSEC-1.2-CHG-006: policy RESTRICTIVE aditiva nsec12_contacts_insert_block_viewer aplicada; 6/6 reprobes via RPC nsec12_probe_insert_contact com JWT real — owners same-org ALLOWED_ROLLED_BACK, cross-org BLOCKED_RLS, viewers same-org BLOCKED_RLS; baseline pré/pós idêntico (1681 reais / 0 sintéticos); policies permissivas anteriores intactas; smoke SELECT ok; RPC temporária mantida por mandato,,contacts,,,,no,none,none,none,nsec12_contacts_insert_block_viewer (AS RESTRICTIVE FOR INSERT TO authenticated) filtra org_role='viewer' com fallback para role legado; rollback: DROP POLICY IF EXISTS nsec12_contacts_insert_block_viewer ON public.contacts,no,n/a,no,n/a,HUMANOID,VALIDATED por 6/6 reprobes com JWT sintético,Matriz completa (admin/manager/sales/cs e account_id) e UPDATE/DELETE em contacts ainda pendentes,SEC-012 RESOLVED — pendente matriz completa em rodada futura
